Crypto,Subreddit,Title,Content,Score,Created_At,Comments,Combined_Text,Sentiment_Label,Sentiment_Score
BTC,cryptocurrency,"BTC crashes hard, but is it just temporary?",BTC has seen a major dip recently. People are debating whether it's a temporary setback or the start of a bigger problem.,613,26/01/25 15:25,77,"BTC crashes hard, but is it just temporary? BTC has seen a major dip recently. People are debating whether it's a temporary setback or the start of a bigger problem.",Negative,-0.9656915831438826
BTC,cryptocurrency,"BTC crashes hard, but is it just temporary?",BTC has seen a major dip recently. People are debating whether it's a temporary setback or the start of a bigger problem.,853,26/01/25 09:38,121,"BTC crashes hard, but is it just temporary? BTC has seen a major dip recently. People are debating whether it's a temporary setback or the start of a bigger problem.",Negative,-0.9656915831438826
BTC,cryptocurrency,Massive growth potential for BTC!,BTC has been performing exceptionally well recently. Many investors are bullish on its future.,103,26/01/25 08:02,56,Massive growth potential for BTC! BTC has been performing exceptionally well recently. Many investors are bullish on its future.,Positive,0.6982588906179967
BTC,cryptocurrency,Massive growth potential for BTC!,BTC has been performing exceptionally well recently. Many investors are bullish on its future.,240,26/01/25 02:28,16,Massive growth potential for BTC! BTC has been performing exceptionally well recently. Many investors are bullish on its future.,Positive,0.6982588906179967
BTC,cryptocurrency,"BTC crashes hard, but is it just temporary?",BTC has seen a major dip recently. People are debating whether it's a temporary setback or the start of a bigger problem.,825,26/01/25 10:22,57,"BTC crashes hard, but is it just temporary? BTC has seen a major dip recently. People are debating whether it's a temporary setback or the start of a bigger problem.",Negative,-0.9656915831438826
BTC,cryptocurrency,"BTC crashes hard, but is it just temporary?",BTC has seen a major dip recently. People are debating whether it's a temporary setback or the start of a bigger problem.,219,26/01/25 17:18,74,"BTC crashes hard, but is it just temporary? BTC has seen a major dip recently. People are debating whether it's a temporary setback or the start of a bigger problem.",Negative,-0.9656915831438826
BTC,cryptocurrency,Massive growth potential for BTC!,BTC has been performing exceptionally well recently. Many investors are bullish on its future.,890,26/01/25 14:46,132,Massive growth potential for BTC! BTC has been performing exceptionally well recently. Many investors are bullish on its future.,Positive,0.6982588906179967
ETH,CryptoMarkets,ETH adoption is slow but steady,ETH has shown resilience but needs more utility to gain mass adoption.,499,25/01/25 21:21,55,ETH adoption is slow but steady ETH has shown resilience but needs more utility to gain mass adoption.,Neutral,0.0
ETH,CryptoMarkets,Massive growth potential for ETH!,ETH has been performing exceptionally well recently. Many investors are bullish on its future.,756,26/01/25 02:00,85,Massive growth potential for ETH! ETH has been performing exceptionally well recently. Many investors are bullish on its future.,Positive,0.6982588906179967
ETH,CryptoMarkets,Massive growth potential for ETH!,ETH has been performing exceptionally well recently. Many investors are bullish on its future.,149,26/01/25 12:31,74,Massive growth potential for ETH! ETH has been performing exceptionally well recently. Many investors are bullish on its future.,Positive,0.6982588906179967
ETH,CryptoMarkets,ETH adoption is slow but steady,ETH has shown resilience but needs more utility to gain mass adoption.,607,25/01/25 19:55,89,ETH adoption is slow but steady ETH has shown resilience but needs more utility to gain mass adoption.,Neutral,0.0
ETH,CryptoMarkets,"ETH crashes hard, but is it just temporary?",ETH has seen a major dip recently. People are debating whether it's a temporary setback or the start of a bigger problem.,216,26/01/25 05:30,15,"ETH crashes hard, but is it just temporary? ETH has seen a major dip recently. People are debating whether it's a temporary setback or the start of a bigger problem.",Negative,-0.9656915831438826
ETH,CryptoMarkets,Massive growth potential for ETH!,ETH has been performing exceptionally well recently. Many investors are bullish on its future.,339,26/01/25 03:28,140,Massive growth potential for ETH! ETH has been performing exceptionally well recently. Many investors are bullish on its future.,Positive,0.6982588906179967
ETH,CryptoMarkets,Massive growth potential for ETH!,ETH has been performing exceptionally well recently. Many investors are bullish on its future.,910,26/01/25 01:53,149,Massive growth potential for ETH! ETH has been performing exceptionally well recently. Many investors are bullish on its future.,Positive,0.6982588906179967
ETH,CryptoMarkets,"ETH crashes hard, but is it just temporary?",ETH has seen a major dip recently. People are debating whether it's a temporary setback or the start of a bigger problem.,250,25/01/25 21:16,64,"ETH crashes hard, but is it just temporary? ETH has seen a major dip recently. People are debating whether it's a temporary setback or the start of a bigger problem.",Negative,-0.9656915831438826
ETH,CryptoMarkets,"ETH crashes hard, but is it just temporary?",ETH has seen a major dip recently. People are debating whether it's a temporary setback or the start of a bigger problem.,538,26/01/25 03:30,50,"ETH crashes hard, but is it just temporary? ETH has seen a major dip recently. People are debating whether it's a temporary setback or the start of a bigger problem.",Negative,-0.9656915831438826
ETH,CryptoMarkets,ETH adoption is slow but steady,ETH has shown resilience but needs more utility to gain mass adoption.,904,25/01/25 20:59,122,ETH adoption is slow but steady ETH has shown resilience but needs more utility to gain mass adoption.,Neutral,0.0
USDT,Tether,Massive growth potential for USDT!,USDT has been performing exceptionally well recently. Many investors are bullish on its future.,352,26/01/25 04:19,92,Massive growth potential for USDT! USDT has been performing exceptionally well recently. Many investors are bullish on its future.,Positive,0.6982588906179967
USDT,Tether,"USDT crashes hard, but is it just temporary?",USDT has seen a major dip recently. People are debating whether it's a temporary setback or the start of a bigger problem.,144,26/01/25 07:28,46,"USDT crashes hard, but is it just temporary? USDT has seen a major dip recently. People are debating whether it's a temporary setback or the start of a bigger problem.",Negative,-0.9656915831438826
USDT,Tether,"USDT crashes hard, but is it just temporary?",USDT has seen a major dip recently. People are debating whether it's a temporary setback or the start of a bigger problem.,325,26/01/25 10:59,52,"USDT crashes hard, but is it just temporary? USDT has seen a major dip recently. People are debating whether it's a temporary setback or the start of a bigger problem.",Negative,-0.9656915831438826
USDT,Tether,"USDT crashes hard, but is it just temporary?",USDT has seen a major dip recently. People are debating whether it's a temporary setback or the start of a bigger problem.,782,26/01/25 07:25,74,"USDT crashes hard, but is it just temporary? USDT has seen a major dip recently. People are debating whether it's a temporary setback or the start of a bigger problem.",Negative,-0.9656915831438826
USDT,Tether,USDT adoption is slow but steady,USDT has shown resilience but needs more utility to gain mass adoption.,470,26/01/25 14:20,96,USDT adoption is slow but steady USDT has shown resilience but needs more utility to gain mass adoption.,Neutral,0.0
SOL,cryptotrading,"SOL crashes hard, but is it just temporary?",SOL has seen a major dip recently. People are debating whether it's a temporary setback or the start of a bigger problem.,481,25/01/25 19:23,134,"SOL crashes hard, but is it just temporary? SOL has seen a major dip recently. People are debating whether it's a temporary setback or the start of a bigger problem.",Negative,-0.9656915831438826
SOL,cryptotrading,Massive growth potential for SOL!,SOL has been performing exceptionally well recently. Many investors are bullish on its future.,320,26/01/25 02:02,81,Massive growth potential for SOL! SOL has been performing exceptionally well recently. Many investors are bullish on its future.,Positive,0.6982588906179967
SOL,cryptotrading,SOL adoption is slow but steady,SOL has shown resilience but needs more utility to gain mass adoption.,676,26/01/25 18:25,49,SOL adoption is slow but steady SOL has shown resilience but needs more utility to gain mass adoption.,Neutral,0.0
SOL,cryptotrading,"SOL crashes hard, but is it just temporary?",SOL has seen a major dip recently. People are debating whether it's a temporary setback or the start of a bigger problem.,670,25/01/25 22:22,13,"SOL crashes hard, but is it just temporary? SOL has seen a major dip recently. People are debating whether it's a temporary setback or the start of a bigger problem.",Negative,-0.9656915831438826
SOL,cryptotrading,"SOL crashes hard, but is it just temporary?",SOL has seen a major dip recently. People are debating whether it's a temporary setback or the start of a bigger problem.,879,26/01/25 05:47,51,"SOL crashes hard, but is it just temporary? SOL has seen a major dip recently. People are debating whether it's a temporary setback or the start of a bigger problem.",Negative,-0.9656915831438826
SOL,cryptotrading,Massive growth potential for SOL!,SOL has been performing exceptionally well recently. Many investors are bullish on its future.,717,26/01/25 11:38,132,Massive growth potential for SOL! SOL has been performing exceptionally well recently. Many investors are bullish on its future.,Positive,0.6982588906179967
SOL,cryptotrading,Massive growth potential for SOL!,SOL has been performing exceptionally well recently. Many investors are bullish on its future.,591,26/01/25 13:46,96,Massive growth potential for SOL! SOL has been performing exceptionally well recently. Many investors are bullish on its future.,Positive,0.6982588906179967
SOL,cryptotrading,SOL adoption is slow but steady,SOL has shown resilience but needs more utility to gain mass adoption.,757,26/01/25 13:51,31,SOL adoption is slow but steady SOL has shown resilience but needs more utility to gain mass adoption.,Neutral,0.0
SOL,cryptotrading,Massive growth potential for SOL!,SOL has been performing exceptionally well recently. Many investors are bullish on its future.,739,26/01/25 03:02,35,Massive growth potential for SOL! SOL has been performing exceptionally well recently. Many investors are bullish on its future.,Positive,0.6982588906179967
BNB,Binance,Massive growth potential for BNB!,BNB has been performing exceptionally well recently. Many investors are bullish on its future.,58,25/01/25 20:29,72,Massive growth potential for BNB! BNB has been performing exceptionally well recently. Many investors are bullish on its future.,Positive,0.6982588906179967
BNB,Binance,Massive growth potential for BNB!,BNB has been performing exceptionally well recently. Many investors are bullish on its future.,249,25/01/25 19:57,42,Massive growth potential for BNB! BNB has been performing exceptionally well recently. Many investors are bullish on its future.,Positive,0.6982588906179967
BNB,Binance,Massive growth potential for BNB!,BNB has been performing exceptionally well recently. Many investors are bullish on its future.,588,26/01/25 12:33,87,Massive growth potential for BNB! BNB has been performing exceptionally well recently. Many investors are bullish on its future.,Positive,0.6982588906179967
BNB,Binance,"BNB crashes hard, but is it just temporary?",BNB has seen a major dip recently. People are debating whether it's a temporary setback or the start of a bigger problem.,76,26/01/25 11:49,53,"BNB crashes hard, but is it just temporary? BNB has seen a major dip recently. People are debating whether it's a temporary setback or the start of a bigger problem.",Negative,-0.9656915831438826
BNB,Binance,"BNB crashes hard, but is it just temporary?",BNB has seen a major dip recently. People are debating whether it's a temporary setback or the start of a bigger problem.,660,26/01/25 05:53,80,"BNB crashes hard, but is it just temporary? BNB has seen a major dip recently. People are debating whether it's a temporary setback or the start of a bigger problem.",Negative,-0.9656915831438826
BNB,Binance,"BNB crashes hard, but is it just temporary?",BNB has seen a major dip recently. People are debating whether it's a temporary setback or the start of a bigger problem.,405,25/01/25 19:54,70,"BNB crashes hard, but is it just temporary? BNB has seen a major dip recently. People are debating whether it's a temporary setback or the start of a bigger problem.",Negative,-0.9656915831438826
BNB,Binance,"BNB crashes hard, but is it just temporary?",BNB has seen a major dip recently. People are debating whether it's a temporary setback or the start of a bigger problem.,101,26/01/25 00:27,32,"BNB crashes hard, but is it just temporary? BNB has seen a major dip recently. People are debating whether it's a temporary setback or the start of a bigger problem.",Negative,-0.9656915831438826
USDC,USDC,USDC adoption is slow but steady,USDC has shown resilience but needs more utility to gain mass adoption.,817,26/01/25 10:42,62,USDC adoption is slow but steady USDC has shown resilience but needs more utility to gain mass adoption.,Neutral,0.0
USDC,USDC,USDC adoption is slow but steady,USDC has shown resilience but needs more utility to gain mass adoption.,126,26/01/25 09:00,44,USDC adoption is slow but steady USDC has shown resilience but needs more utility to gain mass adoption.,Neutral,0.0
USDC,USDC,Massive growth potential for USDC!,USDC has been performing exceptionally well recently. Many investors are bullish on its future.,617,26/01/25 03:29,99,Massive growth potential for USDC! USDC has been performing exceptionally well recently. Many investors are bullish on its future.,Positive,0.6982588906179967
USDC,USDC,Massive growth potential for USDC!,USDC has been performing exceptionally well recently. Many investors are bullish on its future.,804,26/01/25 11:18,120,Massive growth potential for USDC! USDC has been performing exceptionally well recently. Many investors are bullish on its future.,Positive,0.6982588906179967
USDC,USDC,USDC adoption is slow but steady,USDC has shown resilience but needs more utility to gain mass adoption.,70,26/01/25 05:15,103,USDC adoption is slow but steady USDC has shown resilience but needs more utility to gain mass adoption.,Neutral,0.0
XRP,Ripple,XRP adoption is slow but steady,XRP has shown resilience but needs more utility to gain mass adoption.,247,26/01/25 18:30,128,XRP adoption is slow but steady XRP has shown resilience but needs more utility to gain mass adoption.,Neutral,0.0
XRP,Ripple,Massive growth potential for XRP!,XRP has been performing exceptionally well recently. Many investors are bullish on its future.,840,26/01/25 16:17,36,Massive growth potential for XRP! XRP has been performing exceptionally well recently. Many investors are bullish on its future.,Positive,0.6982588906179967
XRP,Ripple,XRP adoption is slow but steady,XRP has shown resilience but needs more utility to gain mass adoption.,603,26/01/25 02:22,141,XRP adoption is slow but steady XRP has shown resilience but needs more utility to gain mass adoption.,Neutral,0.0
XRP,Ripple,"XRP crashes hard, but is it just temporary?",XRP has seen a major dip recently. People are debating whether it's a temporary setback or the start of a bigger problem.,882,26/01/25 18:07,26,"XRP crashes hard, but is it just temporary? XRP has seen a major dip recently. People are debating whether it's a temporary setback or the start of a bigger problem.",Negative,-0.9656915831438826
XRP,Ripple,XRP adoption is slow but steady,XRP has shown resilience but needs more utility to gain mass adoption.,474,26/01/25 01:58,89,XRP adoption is slow but steady XRP has shown resilience but needs more utility to gain mass adoption.,Neutral,0.0
XRP,Ripple,"XRP crashes hard, but is it just temporary?",XRP has seen a major dip recently. People are debating whether it's a temporary setback or the start of a bigger problem.,410,26/01/25 02:56,142,"XRP crashes hard, but is it just temporary? XRP has seen a major dip recently. People are debating whether it's a temporary setback or the start of a bigger problem.",Negative,-0.9656915831438826
XRP,Ripple,XRP adoption is slow but steady,XRP has shown resilience but needs more utility to gain mass adoption.,746,26/01/25 12:38,71,XRP adoption is slow but steady XRP has shown resilience but needs more utility to gain mass adoption.,Neutral,0.0
XRP,Ripple,XRP adoption is slow but steady,XRP has shown resilience but needs more utility to gain mass adoption.,314,26/01/25 18:20,111,XRP adoption is slow but steady XRP has shown resilience but needs more utility to gain mass adoption.,Neutral,0.0
XRP,Ripple,Massive growth potential for XRP!,XRP has been performing exceptionally well recently. Many investors are bullish on its future.,437,26/01/25 16:20,111,Massive growth potential for XRP! XRP has been performing exceptionally well recently. Many investors are bullish on its future.,Positive,0.6982588906179967
XRP,Ripple,Massive growth potential for XRP!,XRP has been performing exceptionally well recently. Many investors are bullish on its future.,116,26/01/25 10:24,88,Massive growth potential for XRP! XRP has been performing exceptionally well recently. Many investors are bullish on its future.,Positive,0.6982588906179967
DOGE,Dogecoin,Massive growth potential for DOGE!,DOGE has been performing exceptionally well recently. Many investors are bullish on its future.,451,25/01/25 23:18,114,Massive growth potential for DOGE! DOGE has been performing exceptionally well recently. Many investors are bullish on its future.,Positive,0.6982588906179967
DOGE,Dogecoin,"DOGE crashes hard, but is it just temporary?",DOGE has seen a major dip recently. People are debating whether it's a temporary setback or the start of a bigger problem.,147,26/01/25 00:01,61,"DOGE crashes hard, but is it just temporary? DOGE has seen a major dip recently. People are debating whether it's a temporary setback or the start of a bigger problem.",Negative,-0.9656915831438826
DOGE,Dogecoin,DOGE adoption is slow but steady,DOGE has shown resilience but needs more utility to gain mass adoption.,791,26/01/25 08:23,120,DOGE adoption is slow but steady DOGE has shown resilience but needs more utility to gain mass adoption.,Neutral,0.0
DOGE,Dogecoin,Massive growth potential for DOGE!,DOGE has been performing exceptionally well recently. Many investors are bullish on its future.,53,25/01/25 19:56,68,Massive growth potential for DOGE! DOGE has been performing exceptionally well recently. Many investors are bullish on its future.,Positive,0.6982588906179967
DOGE,Dogecoin,Massive growth potential for DOGE!,DOGE has been performing exceptionally well recently. Many investors are bullish on its future.,106,26/01/25 00:22,16,Massive growth potential for DOGE! DOGE has been performing exceptionally well recently. Many investors are bullish on its future.,Positive,0.6982588906179967
DOGE,Dogecoin,DOGE adoption is slow but steady,DOGE has shown resilience but needs more utility to gain mass adoption.,895,25/01/25 23:43,43,DOGE adoption is slow but steady DOGE has shown resilience but needs more utility to gain mass adoption.,Neutral,0.0
ADA,Altcoin,Massive growth potential for ADA!,ADA has been performing exceptionally well recently. Many investors are bullish on its future.,358,25/01/25 20:21,131,Massive growth potential for ADA! ADA has been performing exceptionally well recently. Many investors are bullish on its future.,Positive,0.6982588906179967
ADA,Altcoin,"ADA crashes hard, but is it just temporary?",ADA has seen a major dip recently. People are debating whether it's a temporary setback or the start of a bigger problem.,285,26/01/25 11:06,145,"ADA crashes hard, but is it just temporary? ADA has seen a major dip recently. People are debating whether it's a temporary setback or the start of a bigger problem.",Negative,-0.9656915831438826
ADA,Altcoin,"ADA crashes hard, but is it just temporary?",ADA has seen a major dip recently. People are debating whether it's a temporary setback or the start of a bigger problem.,214,26/01/25 04:45,77,"ADA crashes hard, but is it just temporary? ADA has seen a major dip recently. People are debating whether it's a temporary setback or the start of a bigger problem.",Negative,-0.9656915831438826
ADA,Altcoin,ADA adoption is slow but steady,ADA has shown resilience but needs more utility to gain mass adoption.,827,26/01/25 13:47,124,ADA adoption is slow but steady ADA has shown resilience but needs more utility to gain mass adoption.,Neutral,0.0
ADA,Altcoin,Massive growth potential for ADA!,ADA has been performing exceptionally well recently. Many investors are bullish on its future.,370,26/01/25 15:16,33,Massive growth potential for ADA! ADA has been performing exceptionally well recently. Many investors are bullish on its future.,Positive,0.6982588906179967
TRX,Tronix,Massive growth potential for TRX!,TRX has been performing exceptionally well recently. Many investors are bullish on its future.,603,26/01/25 19:03,30,Massive growth potential for TRX! TRX has been performing exceptionally well recently. Many investors are bullish on its future.,Positive,0.6982588906179967
TRX,Tronix,"TRX crashes hard, but is it just temporary?",TRX has seen a major dip recently. People are debating whether it's a temporary setback or the start of a bigger problem.,960,26/01/25 01:15,144,"TRX crashes hard, but is it just temporary? TRX has seen a major dip recently. People are debating whether it's a temporary setback or the start of a bigger problem.",Negative,-0.9656915831438826
TRX,Tronix,"TRX crashes hard, but is it just temporary?",TRX has seen a major dip recently. People are debating whether it's a temporary setback or the start of a bigger problem.,474,26/01/25 06:25,128,"TRX crashes hard, but is it just temporary? TRX has seen a major dip recently. People are debating whether it's a temporary setback or the start of a bigger problem.",Negative,-0.9656915831438826
TRX,Tronix,"TRX crashes hard, but is it just temporary?",TRX has seen a major dip recently. People are debating whether it's a temporary setback or the start of a bigger problem.,797,25/01/25 21:31,62,"TRX crashes hard, but is it just temporary? TRX has seen a major dip recently. People are debating whether it's a temporary setback or the start of a bigger problem.",Negative,-0.9656915831438826
TRX,Tronix,TRX adoption is slow but steady,TRX has shown resilience but needs more utility to gain mass adoption.,448,26/01/25 11:21,11,TRX adoption is slow but steady TRX has shown resilience but needs more utility to gain mass adoption.,Neutral,0.0
